<theme>

    <formatVersion>7</formatVersion>
    <include>./../theme.xml</include>

    <view name="system">
        
        <image name="logo">
            <path>./system.svg</path>
        </image>

    </view>
    
    <view name="basic">
     <image name="logo">
        <path>./logo.svg</path>
     </image>


   </view>
     
    <view name="detailed, video">
    <!--
    <image name="logo">
            <path>./logo.svg</path>
        </image>-->
    
    </view>

    <view name="video"></view>

</theme>
