<?xml version="1.0" encoding="UTF-8"?>
<theme>
   <formatVersion>7</formatVersion>


  <variables>
    <mainColor>4e8bd3ff</mainColor>
  </variables>

<view name="system">

    <image name="background" extra="true">
            <path>./art/images/gray.png</path>
    </image>

  <helpsystem name="help">
    <iconColor>${mainColor}</iconColor>
  </helpsystem>
</view>

 <view name="menu">
  <menuBackground name="menubg">
   <scrollbarColor>494c50ff</scrollbarColor>
</menuBackground>
</view>

<view name="basic">
  <image name="logo">
     <color>${mainColor}</color>
  </image>

<helpsystem name="help">
    <iconColor>${mainColor}</iconColor>
  </helpsystem>

<textlist name="gamelist">
    <selectorColor>a1a8b0ff</selectorColor>
    <secondaryColor>${mainColor}</secondaryColor>
 </textlist>
</view>

<view name="detailed, video">

   <image name="logo">
    <color>${mainColor}</color>
  </image>

   <helpsystem name="help">
     <iconColor>${mainColor}</iconColor>
    </helpsystem>

    <textlist name="gamelist">
      <selectorColor>a1a8b0ff</selectorColor>
      <secondaryColor>${mainColor}</secondaryColor>
      <scrollbarColor>494c50ff</scrollbarColor>
    </textlist>

<text name="md_developer, md_genre, md_lastplayed">
    <color>a1a8b0ff</color>
  </text>
  
   <datetime name="md_releasedate">
      <color>a1a8b0ff</color>
  </datetime>

     <rating name="md_rating">
       <color>dac167ff</color>
    </rating>
</view>
    

<view name="video"></view>

</theme>
