<?xml version="1.0" encoding="UTF-8"?>
<theme>
   <formatVersion>7</formatVersion>
  
    <variables>
      <colorSubsetname>Theme Color</colorSubsetname>
      <fontsize>Font Size</fontsize>
      <carouselstyleSubsetname>Carousel Style</carouselstyleSubsetname> 
   </variables>


    <subset name="Color" displayName="${colorSubsetname}">
       <include name="default" displayName="${default}">./gray.xml</include>
        <include name="blue" displayName="${blue}">./blue.xml</include>
       <include name="red" displayName="${red}">./red.xml</include>
       <include name="green" displayName="${green}">./green.xml</include>
       <include name="purple" displayName="${purple}">./purple.xml</include>
       <include name="yellow" displayName="${yellow}">./yellow.xml</include>
       <include name="pink" displayName="${pink}">./pink.xml</include>
       <include name="orange" displayName="${orange}">./orange.xml</include> 
    </subset>


    <subset name="Font Size" displayName="${fontSubsetname}">
        <include name="default" displayName="${default}">./art/fonts/medium.xml</include>
      <include name="large" displayName="${large}">./art/fonts/large.xml</include>
      <include name="small" displayName="${small}">./art/fonts/small.xml</include>
    </subset>

   
     <subset name="Carousel Style" displayName="${carouselstyleSubsetname}">
          <include name="default" displayName="${default}">./art/carousel/style1.xml</include>
          <include name="style2" displayName="${style2}">./art/carousel/style2.xml</include>
          <include name="style3" displayName="${style3}">./art/carousel/style3.xml</include>
          <include name="style4" displayName="${style4}">./art/carousel/style4.xml</include>
           <include name="style5" displayName="${style5}">./art/carousel/style5.xml</include>
    </subset>

      
</theme>
