<?xml version="1.0" encoding="UTF-8"?>
<theme>
   <formatVersion>7</formatVersion>


  <variables>
    <mainColor>8c71dbff</mainColor>
  </variables>

<view name="system">

<image name="background" extra="true">
            <path>./art/images/purple.png</path>
    </image>

  <helpsystem name="help">
    <iconColor>${mainColor}</iconColor>
  </helpsystem>
</view>

 <view name="menu">
  <menuBackground name="menubg">
   <scrollbarColor>${mainColor}</scrollbarColor>
</menuBackground>
</view>

<view name="basic">
  <image name="logo">
     <color>${mainColor}</color>
  </image>

<helpsystem name="help">
    <iconColor>${mainColor}</iconColor>
  </helpsystem>

<textlist name="gamelist">
    <selectorColor>${mainColor}</selectorColor>
    <secondaryColor>${mainColor}</secondaryColor>
 </textlist>
</view>

<view name="detailed, video">
 
 <image name="logo">
    <color>${mainColor}</color>
  </image>
  
   <helpsystem name="help">
     <iconColor>${mainColor}</iconColor>
    </helpsystem>

    <textlist name="gamelist">
      <selectorColor>${mainColor}</selectorColor>
      <secondaryColor>${mainColor}</secondaryColor>
      <scrollbarColor>${mainColor}</scrollbarColor>
    </textlist>

    <text name="md_developer, md_genre, md_lastplayed">
    <color>a1a8b0ff</color>
  </text>
  
   <datetime name="md_releasedate">
      <color>a1a8b0ff</color>
  </datetime>

     <rating name="md_rating">
       <color>${mainColor}</color>
    </rating>
</view>
    

<view name="video"></view>

</theme>
