<!--
theme name:     R36S Minimalist controls theme
version:        1.0
author:         fadzn	
email:
website:
license:        creative commons CC-BY-NC-SA
based on:       I designed all the illustrations for the theme.
Theme created with references in the themes xml code:
Art Book Next demake, NES BOX theme created by Travis Wilson.

-->

<theme>

    <formatVersion>7</formatVersion>
      <include>./main.xml</include>
      
      <feature supported="carousel">
		   <view name="system">
			    <carousel name="systemcarousel">
                   <type>horizontal</type>   
				   </carousel>

                <text name="systemInfo">
				   <alignment>center</alignment>
				   <backgroundColor>00000000</backgroundColor>
				   <color>ecf3fdff</color>
				   <origin>0.5 0.5</origin>
				   <pos>0.5 0.030</pos>
				   <size>0.980 0.050</size>
				   <fontPath>./art/fonts/Roboto-Bold.ttf</fontPath>
				   <fontSize>0.03</fontSize> 
			    </text> 
            </view>
      </feature>

                 

  <view name="screen">
  
  <controllerActivity name="controllerActivity">
         <visible>0</visible>
      </controllerActivity>
      
    <text name="clock">
         <origin>0.5 0.5</origin>
         <pos>0.06 0.04</pos>
         <color>ecf3fdff</color>
         <size>0.09 0.075</size>
         <fontPath>./art/fonts/Roboto-Bold.ttf</fontPath>
         <fontSize>0.03</fontSize>
         <alignment>left</alignment>
      </text>
 
 
     <batteryIndicator name="batteryIndicator">
         <color>ecf3fdff</color>
         <itemSpacing>0.004</itemSpacing>
         <full>./art/images/full.svg</full>
         <at75>./art/images/75.svg</at75>
         <at50>./art/images/50.svg</at50>
         <at25>./art/images/25.svg</at25>
         <empty>./art/images/empty.svg</empty>
         <incharge>./art/images/charging.svg</incharge>
         <networkIcon>./art/images/wifi.svg</networkIcon>
         <alignment>left</alignment>
         <size>0.05</size>
         <pos>0.20 0.01</pos>
      </batteryIndicator>
      

    </view>
    
    <view name="menu">

     <menuBackground name="menubg">
      <color>1c1e25ff</color>
      <scrollbarSize>0.015</scrollbarSize>
         <scrollbarCorner>0.5</scrollbarCorner>
    </menuBackground>
 

    <menuText name="menutitle">
      <fontPath>./art/fonts/Roboto-Bold.ttf</fontPath>
      <fontSize>0.044</fontSize>
      <color>cbcbd2ff</color>
    </menuText>
    
    <menuText name="menutext">
         <fontPath>./art/fonts/Roboto-Regular.ttf</fontPath>
         <fontSize>0.034</fontSize>
         <color>cbcbd2ff</color>
      <selectorColor>a1a8b0ff</selectorColor>
      <selectedColor>111216ff</selectedColor>
      <separatorColor>00000000</separatorColor>
    </menuText>

         <menuText name="menufooter">
      <fontPath>./art/fonts/Roboto-Regular.ttf</fontPath>
      <fontSize>0.03</fontSize>
      <color>cbcbd2ff</color>
    </menuText>
    
   
</view>


         
          <view name="system">
          
        
          
            <image name="background" extra="true">    
              <origin>0.5 0.5</origin>
              <pos>0.5 0.5</pos>
              <size>1 1</size>
            </image>
            
      
            
            <helpsystem name="help">
             <fontPath>./art/fonts/Roboto-Condensed.ttf</fontPath>
              <textColor>ecf3fdff</textColor>
              <fontSize>0.030666666666667</fontSize>   
            </helpsystem>
            
         </view>


    <view name="basic">
   
        <image name="background" extra="true">
              <path>./art/images/bg2.png</path>
              <origin>0.5 0.5</origin>
              <pos>0.5 0.5</pos>
              <size>1 1</size>
       </image>

        <image name="logo">
            <origin>0.5 0.5</origin>
            <pos>0.80 0.5</pos>
            <maxSize>0.23 0.23</maxSize>     
            <storyboard>
        <animation property="scale" from="0" to="1" duration="350" mode="easeOut"/>
      </storyboard>
        </image>
        
       

       <helpsystem name="help">
              <fontPath>./art/fonts/Roboto-Condensed.ttf</fontPath>
              <textColor>ecf3fdff</textColor>
              <fontSize>0.030666666666667</fontSize>   
            </helpsystem>
         
       
       <textlist name="gamelist">
           <selectedColor>111216ff</selectedColor>
           <primaryColor>cbcbd2ff</primaryColor>
           <alignment>center</alignment>
           <fontPath>./art/fonts/Roboto-Bold.ttf</fontPath>
           <origin>0.5 0.5</origin>
           <pos>0.3 0.5</pos>
           <size>0.50 0.75</size>
          <selectorImagePath>./art/images/selector.svg</selectorImagePath>
          <lineSpacing>1.9</lineSpacing>
          <storyboard>
        <animation property="scale" from="0" to="1" duration="350" mode="easeOut"/>
      </storyboard>
      </textlist>
    </view>
    
     
         
    <view name="detailed, video">
    
    
    <image name="background" extra="true">
              <path>./art/images/bg1.png</path>
              <origin>0.5 0.5</origin>
              <pos>0.5 0.5</pos>
              <size>1 1</size>
        </image>
    <!--
      <image name="logo">
            <origin>0.5 0.5</origin>
            <pos>0.90 0.850</pos>
            <maxSize>0.15 0.15</maxSize>     
            <storyboard>
        <animation property="scale" from="0" to="1" duration="350" mode="easeOut"/>
      </storyboard>
        </image>-->
       
       <helpsystem name="help">
              <fontPath>./art/fonts/Roboto-Condensed.ttf</fontPath>
              <textColor>ecf3fdff</textColor>
              <fontSize>0.030666666666667</fontSize>   
            </helpsystem>
    
        <image name="md_image">
          <origin>0.5 0.5</origin>
          <pos>0.750 0.256</pos>
          <maxSize>0.48 0.48</maxSize>
           <storyboard>
        <animation property="scale" from="0" to="1" duration="350" mode="easeOut"/>
      </storyboard>
      </image>

        <!--
        <image name="md_marquee">
        <origin>0.5 0.5</origin>
        <pos>0.820 0.15</pos>
        <maxSize>0.15 0.15</maxSize>
        <storyboard>
        <animation property="scale" from="0" to="1" duration="350" mode="easeOut"/>
      </storyboard>
    </image>-->
        
        
        <text name="md_description">
          <pos>0.52 0.75</pos>
          <size>0.46 0.17</size>
          <color>cbcbd2ff</color>
          <fontPath>./art/fonts/Roboto-Bold.ttf</fontPath>
          <alignment>left</alignment>
         <forceUppercase>0</forceUppercase>
         <lineSpacing>1.3</lineSpacing>
          <storyboard>
        <animation property="scale" from="0" to="1" duration="350" mode="easeOut"/>
      </storyboard>
         </text>-->
      
     
         <textlist name="gamelist">
            <selectedColor>111216ff</selectedColor>
            <primaryColor>cbcbd2ff</primaryColor>
            <alignment>left</alignment>
            <fontPath>./art/fonts/Roboto-Bold.ttf</fontPath>
            <forceUppercase>0</forceUppercase>
            <pos>0.013 0.09</pos>
           <size>0.47 0.80</size>
           <lineSpacing>1.9</lineSpacing>
           <selectorImagePath>./art/images/selector.svg</selectorImagePath>
           <horizontalMargin>0.01</horizontalMargin>
           <scrollbarSize>0.015</scrollbarSize>
         <scrollbarCorner>0.5</scrollbarCorner>
         <scrollbarAlignment>outer right</scrollbarAlignment>
           <storyboard>
        <animation property="scale" from="0" to="1" duration="350" mode="easeOut"/>
      </storyboard> 
       </textlist>
          <!--
          <text name=" md_lbl_lastplayed">
            <color>cbcbd2ff</color>
            <forceUppercase>0</forceUppercase>
            <fontPath>./art/fonts/Manrope-Regular.ttf</fontPath>
           <size>0.23 0.02</size>
       </text>-->

          <text name="md_developer, md_genre, md_lastplayed">
   
    <forceUppercase>0</forceUppercase>
    <fontPath>./art/fonts/Roboto-Bold.ttf</fontPath>
    <size>0.40 0.02</size>
</text>

         
        <rating name="md_rating, ">
    <filledPath>./art/images/star_full.png</filledPath>
    <unfilledPath>./art/images/star_hollow.png</unfilledPath>
    <pos>0.52 0.51</pos>
    <size>0.25 0.05</size>
     <storyboard>
        <animation property="scale" from="0" to="1" duration="350" mode="easeOut"/>
      </storyboard>
</rating>
    
     <datetime name="md_releasedate">
      
      <forceUppercase>0</forceUppercase>
      <fontPath>./art/fonts/Roboto-Bold.ttf</fontPath>
      <size>0.23 0.02</size>
       <pos>0.52 0.59</pos>
     <format>%Y</format>
    <storyboard>
        <animation property="scale" from="0" to="1" duration="350" mode="easeOut"/>
      </storyboard>
</datetime>

      
     <text name="md_genre">
    <pos>0.52 0.64</pos>
    <storyboard>
        <animation property="scale" from="0" to="1" duration="350" mode="easeOut"/>
      </storyboard>
</text>
       
       
     <text name="md_developer">
    <pos>0.52 0.69</pos>
    <storyboard>
        <animation property="scale" from="0" to="1" duration="350" mode="easeOut"/>
      </storyboard>
</text>
     <!--
     <text name="md_lbl_lastplayed">
    <pos>0.75 0.03</pos>
    <storyboard>
        <animation property="scale" from="0" to="1" duration="350" mode="easeOut"/>
      </storyboard>
</text>
      
      <datetime name="md_lastplayed">
    <pos>0.75 0.05</pos>
    <storyboard>
        <animation property="scale" from="0" to="1" duration="350" mode="easeOut"/>
      </storyboard>
</datetime>-->
      
    </view>

       <feature supported="video">
         <view name="video">
          <video name="md_video">
           <origin>0.5 0.5</origin>
          <pos>0.750 0.256</pos>
          <maxSize>0.48 0.48</maxSize>
        <showSnapshotNoVideo>true</showSnapshotNoVideo>
        <storyboard>
        <animation property="scale" from="0" to="1" duration="350" mode="easeOut"/>
      </storyboard> 
    </video>
    
</view>
  </feature>


<view name="detailed, video">
<!-- everything else -->
</view>
    
	
		   
</theme>
