<?xml version="1.0" encoding="UTF-8"?>
<theme>
   <formatVersion>7</formatVersion>

   <variables>
      <fontsize>Font Size</fontsize>
   </variables>

   <view name="system"></view>

   <view name="basic">
      <textlist name="gamelist">
          <fontSize>0.029</fontSize>
          <selectorOffsetY>0.01</selectorOffsetY>
           <selectorHeight>0.066</selectorHeight>
      </textlist> 
   </view>

   <view name="detailed, video">
        <text name="md_description">
           <fontSize>0.029</fontSize>
       </text>


        <textlist name="gamelist">
           <fontSize>0.029</fontSize>
           <selectorOffsetY>0.01</selectorOffsetY>
           <selectorHeight>0.066</selectorHeight>
         </textlist>
       <!-->
       <text name=" md_lbl_lastplayed">
           <fontSize>0.021</fontSize>
      </text>-->

         
         <text name="md_developer, md_genre, md_lastplayed">
            <fontSize>0.029</fontSize>
         </text>

         <datetime name="md_releasedate">
            <fontSize>0.029</fontSize>
         </datetime>


</view>





</theme>
